Sawed-Off | Fubar (Battle-Scarred)
SG 553 | Atlas (Field-Tested)
MP9 | Bioleak (Factory New)
MP9 | Bioleak (Well-Worn)
Dual Berettas | Ventilators (Field-Tested)
M249 | Spectre (Minimal Wear)
SG 553 | Atlas (Factory New)
XM1014 | Black Tie (Field-Tested)
G3SG1 | Orange Crash (Field-Tested)
P2000 | Oceanic (Battle-Scarred)
Galil AR | Firefight (Battle-Scarred)
AUG | Fleet Flock (Field-Tested)
SG 553 | Atlas (Minimal Wear)
SG 553 | Atlas (Battle-Scarred)
StatTrak™ SG 553 | Atlas (Field-Tested)
P2000 | Oceanic (Factory New)
Tec-9 | Re-Entry (Minimal Wear)
StatTrak™ Sawed-Off | Fubar (Battle-Scarred)
M249 | Spectre (Battle-Scarred)
P250 | Asiimov (Field-Tested)
MP9 | Bioleak (Field-Tested)
M249 | Spectre (Field-Tested)
StatTrak™ G3SG1 | Orange Crash (Battle-Scarred)
XM1014 | Black Tie (Factory New)
SSG 08 | Ghost Crusader (Field-Tested)
Dual Berettas | Ventilators (Factory New)
Dual Berettas | Ventilators (Minimal Wear)
M249 | Spectre (Factory New)
G3SG1 | Orange Crash (Minimal Wear)
P250 | Asiimov (Battle-Scarred)
StatTrak™ Galil AR | Firefight (Field-Tested)
SSG 08 | Ghost Crusader (Well-Worn)
MP9 | Bioleak (Battle-Scarred)
P2000 | Oceanic (Field-Tested)
G3SG1 | Orange Crash (Well-Worn)
UMP-45 | Primal Saber (Battle-Scarred)
SSG 08 | Ghost Crusader (Battle-Scarred)
M249 | Spectre (Well-Worn)
StatTrak™ M249 | Spectre (Factory New)
StatTrak™ SG 553 | Atlas (Well-Worn)
Sawed-Off | Fubar (Well-Worn)
G3SG1 | Orange Crash (Battle-Scarred)
SG 553 | Atlas (Well-Worn)
XM1014 | Black Tie (Battle-Scarred)
XM1014 | Black Tie (Minimal Wear)
AUG | Fleet Flock (Battle-Scarred)
P2000 | Oceanic (Minimal Wear)
★ Bayonet | Rust Coat (Battle-Scarred)
StatTrak™ M249 | Spectre (Field-Tested)
StatTrak™ CZ75-Auto | Red Astor (Battle-Scarred)
SSG 08 | Ghost Crusader (Factory New)
MP9 | Bioleak (Minimal Wear)
Tec-9 | Re-Entry (Field-Tested)
UMP-45 | Primal Saber (Field-Tested)
StatTrak™ MP9 | Bioleak (Field-Tested)
CZ75-Auto | Red Astor (Battle-Scarred)
Dual Berettas | Ventilators (Well-Worn)
StatTrak™ Dual Berettas | Ventilators (Well-Worn)
G3SG1 | Orange Crash (Factory New)
StatTrak™ MP9 | Bioleak (Factory New)
StatTrak™ M4A1-S | Chantico's Fire (Battle-Scarred)
P2000 | Oceanic (Well-Worn)
SSG 08 | Ghost Crusader (Minimal Wear)
P250 | Asiimov (Well-Worn)
Tec-9 | Re-Entry (Well-Worn)
CZ75-Auto | Red Astor (Well-Worn)
StatTrak™ Dual Berettas | Ventilators (Factory New)
StatTrak™ P2000 | Oceanic (Field-Tested)
★ Bayonet | Doppler (Factory New)
StatTrak™ Dual Berettas | Ventilators (Field-Tested)
StatTrak™ MP9 | Bioleak (Battle-Scarred)
CZ75-Auto | Red Astor (Field-Tested)
Galil AR | Firefight (Well-Worn)
StatTrak™ Sawed-Off | Fubar (Well-Worn)
Galil AR | Firefight (Minimal Wear)
StatTrak™ Tec-9 | Re-Entry (Factory New)
StatTrak™ P2000 | Oceanic (Battle-Scarred)
StatTrak™ MP9 | Bioleak (Minimal Wear)
StatTrak™ M249 | Spectre (Well-Worn)
Galil AR | Firefight (Field-Tested)
StatTrak™ SG 553 | Atlas (Battle-Scarred)
StatTrak™ G3SG1 | Orange Crash (Field-Tested)
PP-Bizon | Judgement of Anubis (Field-Tested)
StatTrak™ P2000 | Oceanic (Minimal Wear)
StatTrak™ Tec-9 | Re-Entry (Well-Worn)
StatTrak™ SSG 08 | Ghost Crusader (Battle-Scarred)
UMP-45 | Primal Saber (Factory New)
StatTrak™ SG 553 | Atlas (Factory New)
StatTrak™ Tec-9 | Re-Entry (Field-Tested)
UMP-45 | Primal Saber (Well-Worn)
Tec-9 | Re-Entry (Factory New)
★ Flip Knife | Rust Coat (Battle-Scarred)
StatTrak™ Dual Berettas | Ventilators (Minimal Wear)
StatTrak™ SG 553 | Atlas (Minimal Wear)
CZ75-Auto | Red Astor (Factory New)
StatTrak™ UMP-45 | Primal Saber (Field-Tested)
StatTrak™ AUG | Fleet Flock (Battle-Scarred)
StatTrak™ G3SG1 | Orange Crash (Minimal Wear)
StatTrak™ P2000 | Oceanic (Factory New)
PP-Bizon | Judgement of Anubis (Well-Worn)
AUG | Fleet Flock (Well-Worn)
CZ75-Auto | Red Astor (Minimal Wear)
StatTrak™ Galil AR | Firefight (Battle-Scarred)
StatTrak™ P2000 | Oceanic (Well-Worn)
StatTrak™ M249 | Spectre (Minimal Wear)
StatTrak™ Tec-9 | Re-Entry (Minimal Wear)
PP-Bizon | Judgement of Anubis (Battle-Scarred)
★ Flip Knife | Ultraviolet (Minimal Wear)
StatTrak™ SSG 08 | Ghost Crusader (Field-Tested)
StatTrak™ G3SG1 | Orange Crash (Well-Worn)
XM1014 | Black Tie (Well-Worn)
StatTrak™ M249 | Spectre (Battle-Scarred)
StatTrak™ CZ75-Auto | Red Astor (Factory New)
AUG | Fleet Flock (Factory New)
StatTrak™ XM1014 | Black Tie (Battle-Scarred)
StatTrak™ MP9 | Bioleak (Well-Worn)
UMP-45 | Primal Saber (Minimal Wear)
M4A1-S | Chantico's Fire (Battle-Scarred)
StatTrak™ PP-Bizon | Judgement of Anubis (Field-Tested)
★ Gut Knife | Tiger Tooth (Factory New)
StatTrak™ XM1014 | Black Tie (Factory New)
StatTrak™ XM1014 | Black Tie (Field-Tested)
StatTrak™ CZ75-Auto | Red Astor (Field-Tested)
P250 | Asiimov (Minimal Wear)
PP-Bizon | Judgement of Anubis (Factory New)
Galil AR | Firefight (Factory New)
AUG | Fleet Flock (Minimal Wear)
StatTrak™ G3SG1 | Orange Crash (Factory New)
StatTrak™ P250 | Asiimov (Battle-Scarred)
StatTrak™ XM1014 | Black Tie (Well-Worn)
PP-Bizon | Judgement of Anubis (Minimal Wear)
StatTrak™ SSG 08 | Ghost Crusader (Minimal Wear)
StatTrak™ ★ Bayonet | Damascus Steel (Field-Tested)
★ Karambit | Rust Coat (Battle-Scarred)
StatTrak™ AUG | Fleet Flock (Field-Tested)
M4A1-S | Chantico's Fire (Minimal Wear)
StatTrak™ UMP-45 | Primal Saber (Battle-Scarred)
★ Flip Knife | Doppler (Factory New)
StatTrak™ P250 | Asiimov (Field-Tested)
StatTrak™ PP-Bizon | Judgement of Anubis (Factory New)
★ Gut Knife | Marble Fade (Factory New)
M4A1-S | Chantico's Fire (Field-Tested)
StatTrak™ AUG | Fleet Flock (Minimal Wear)
StatTrak™ CZ75-Auto | Red Astor (Minimal Wear)
StatTrak™ Galil AR | Firefight (Minimal Wear)
StatTrak™ ★ Karambit | Damascus Steel (Factory New)
StatTrak™ XM1014 | Black Tie (Minimal Wear)
StatTrak™ SSG 08 | Ghost Crusader (Factory New)
M4A1-S | Chantico's Fire (Well-Worn)
StatTrak™ M4A1-S | Chantico's Fire (Field-Tested)
★ Karambit | Tiger Tooth (Factory New)
StatTrak™ Galil AR | Firefight (Factory New)
★ Bayonet | Damascus Steel (Battle-Scarred)
★ M9 Bayonet | Doppler (Factory New)
★ Flip Knife | Tiger Tooth (Factory New)
★ Gut Knife | Doppler (Factory New)
StatTrak™ Galil AR | Firefight (Well-Worn)
StatTrak™ UMP-45 | Primal Saber (Well-Worn)
★ Flip Knife | Marble Fade (Factory New)
M4A1-S | Chantico's Fire (Factory New)
★ Flip Knife | Ultraviolet (Field-Tested)
StatTrak™ ★ M9 Bayonet | Marble Fade (Factory New)
StatTrak™ CZ75-Auto | Red Astor (Well-Worn)
★ Bayonet | Damascus Steel (Well-Worn)
StatTrak™ M4A1-S | Chantico's Fire (Minimal Wear)
★ Flip Knife | Ultraviolet (Well-Worn)
StatTrak™ SSG 08 | Ghost Crusader (Well-Worn)
StatTrak™ AUG | Fleet Flock (Factory New)
StatTrak™ UMP-45 | Primal Saber (Minimal Wear)
StatTrak™ P250 | Asiimov (Well-Worn)
★ Flip Knife | Damascus Steel (Minimal Wear)
★ Gut Knife | Damascus Steel (Battle-Scarred)
★ M9 Bayonet | Marble Fade (Factory New)
StatTrak™ PP-Bizon | Judgement of Anubis (Battle-Scarred)
★ Bayonet | Marble Fade (Minimal Wear)
★ Karambit | Tiger Tooth (Minimal Wear)
★ M9 Bayonet | Tiger Tooth (Factory New)
StatTrak™ UMP-45 | Primal Saber (Factory New)
StatTrak™ PP-Bizon | Judgement of Anubis (Minimal Wear)
StatTrak™ P250 | Asiimov (Minimal Wear)
★ Karambit | Marble Fade (Minimal Wear)
★ M9 Bayonet | Damascus Steel (Factory New)
★ Karambit | Doppler (Factory New)
★ Karambit | Ultraviolet (Field-Tested)
★ Bayonet | Tiger Tooth (Minimal Wear)
★ Bayonet | Damascus Steel (Field-Tested)
★ Bayonet | Tiger Tooth (Factory New)
★ M9 Bayonet | Rust Coat (Battle-Scarred)
★ Bayonet | Ultraviolet (Battle-Scarred)
StatTrak™ ★ Bayonet | Tiger Tooth (Factory New)
StatTrak™ ★ Gut Knife | Tiger Tooth (Minimal Wear)
★ Bayonet | Damascus Steel (Factory New)
★ Karambit | Ultraviolet (Battle-Scarred)
StatTrak™ ★ M9 Bayonet | Doppler (Minimal Wear)
StatTrak™ ★ Gut Knife | Tiger Tooth (Factory New)
★ Gut Knife | Rust Coat (Battle-Scarred)
StatTrak™ AUG | Fleet Flock (Well-Worn)
★ Flip Knife | Ultraviolet (Battle-Scarred)
★ Gut Knife | Damascus Steel (Factory New)
★ M9 Bayonet | Ultraviolet (Battle-Scarred)
★ M9 Bayonet | Damascus Steel (Well-Worn)
★ Gut Knife | Ultraviolet (Battle-Scarred)
StatTrak™ ★ Flip Knife | Rust Coat (Battle-Scarred)
StatTrak™ ★ Gut Knife | Damascus Steel (Factory New)
StatTrak™ ★ M9 Bayonet | Ultraviolet (Field-Tested)
★ Karambit | Ultraviolet (Minimal Wear)
★ Karambit | Marble Fade (Factory New)
StatTrak™ ★ M9 Bayonet | Ultraviolet (Minimal Wear)
★ M9 Bayonet | Damascus Steel (Field-Tested)
StatTrak™ ★ Gut Knife | Doppler (Minimal Wear)
★ M9 Bayonet | Rust Coat (Well-Worn)
★ Karambit | Ultraviolet (Well-Worn)
StatTrak™ M4A1-S | Chantico's Fire (Well-Worn)
★ M9 Bayonet | Damascus Steel (Battle-Scarred)
StatTrak™ ★ Bayonet | Rust Coat (Battle-Scarred)
★ Bayonet | Marble Fade (Factory New)
StatTrak™ M4A1-S | Chantico's Fire (Factory New)
★ Karambit | Damascus Steel (Well-Worn)
StatTrak™ ★ Gut Knife | Marble Fade (Factory New)
★ Gut Knife | Tiger Tooth (Minimal Wear)
★ Karambit | Damascus Steel (Field-Tested)
★ Flip Knife | Damascus Steel (Field-Tested)
★ Gut Knife | Ultraviolet (Field-Tested)
★ Flip Knife | Damascus Steel (Factory New)
StatTrak™ PP-Bizon | Judgement of Anubis (Well-Worn)
★ Bayonet | Ultraviolet (Well-Worn)
★ Flip Knife | Ultraviolet (Factory New)
StatTrak™ ★ Flip Knife | Ultraviolet (Minimal Wear)
★ Karambit | Damascus Steel (Factory New)
StatTrak™ ★ Flip Knife | Damascus Steel (Well-Worn)
StatTrak™ ★ Karambit | Marble Fade (Factory New)
★ Flip Knife | Tiger Tooth (Minimal Wear)
StatTrak™ ★ Karambit | Doppler (Minimal Wear)
★ Gut Knife | Damascus Steel (Field-Tested)
★ Gut Knife | Doppler (Minimal Wear)
StatTrak™ ★ Karambit | Rust Coat (Battle-Scarred)
★ Flip Knife | Damascus Steel (Battle-Scarred)
StatTrak™ ★ Bayonet | Marble Fade (Factory New)
★ Karambit | Doppler (Minimal Wear)
★ Bayonet | Ultraviolet (Minimal Wear)
★ Gut Knife | Damascus Steel (Minimal Wear)
★ Gut Knife | Damascus Steel (Well-Worn)
★ M9 Bayonet | Doppler (Minimal Wear)
★ M9 Bayonet | Ultraviolet (Minimal Wear)
★ Gut Knife | Ultraviolet (Minimal Wear)
StatTrak™ ★ Karambit | Tiger Tooth (Factory New)
★ M9 Bayonet | Ultraviolet (Field-Tested)
StatTrak™ ★ Karambit | Damascus Steel (Battle-Scarred)
★ Flip Knife | Doppler (Minimal Wear)
★ Bayonet | Damascus Steel (Minimal Wear)
StatTrak™ ★ Karambit | Marble Fade (Minimal Wear)
★ Bayonet | Ultraviolet (Field-Tested)
★ Flip Knife | Rust Coat (Well-Worn)
StatTrak™ ★ M9 Bayonet | Doppler (Factory New)
★ Bayonet | Rust Coat (Well-Worn)
★ Gut Knife | Marble Fade (Minimal Wear)
StatTrak™ ★ Karambit | Doppler (Factory New)
StatTrak™ ★ M9 Bayonet | Rust Coat (Battle-Scarred)
★ Gut Knife | Rust Coat (Well-Worn)
StatTrak™ ★ Flip Knife | Marble Fade (Factory New)
StatTrak™ ★ Flip Knife | Ultraviolet (Factory New)
StatTrak™ ★ Gut Knife | Damascus Steel (Battle-Scarred)
★ M9 Bayonet | Tiger Tooth (Minimal Wear)
StatTrak™ ★ Karambit | Ultraviolet (Battle-Scarred)
StatTrak™ ★ Gut Knife | Ultraviolet (Field-Tested)
StatTrak™ ★ Gut Knife | Rust Coat (Battle-Scarred)
StatTrak™ ★ M9 Bayonet | Tiger Tooth (Factory New)
StatTrak™ ★ Gut Knife | Rust Coat (Well-Worn)
StatTrak™ ★ Flip Knife | Doppler (Factory New)
StatTrak™ ★ M9 Bayonet | Ultraviolet (Battle-Scarred)
StatTrak™ ★ Flip Knife | Ultraviolet (Well-Worn)
StatTrak™ ★ Gut Knife | Doppler (Factory New)
StatTrak™ ★ M9 Bayonet | Damascus Steel (Battle-Scarred)
★ Karambit | Damascus Steel (Minimal Wear)
StatTrak™ ★ Flip Knife | Tiger Tooth (Factory New)
★ Bayonet | Doppler (Minimal Wear)
★ M9 Bayonet | Damascus Steel (Minimal Wear)
StatTrak™ ★ Bayonet | Doppler (Minimal Wear)
StatTrak™ ★ Gut Knife | Damascus Steel (Field-Tested)
StatTrak™ ★ Bayonet | Damascus Steel (Factory New)
StatTrak™ ★ Bayonet | Doppler (Factory New)
StatTrak™ ★ Bayonet | Ultraviolet (Battle-Scarred)
★ M9 Bayonet | Marble Fade (Minimal Wear)
StatTrak™ ★ Bayonet | Tiger Tooth (Minimal Wear)
StatTrak™ ★ M9 Bayonet | Damascus Steel (Minimal Wear)
★ Flip Knife | Marble Fade (Minimal Wear)
★ M9 Bayonet | Ultraviolet (Factory New)
StatTrak™ ★ Karambit | Ultraviolet (Minimal Wear)
★ M9 Bayonet | Ultraviolet (Well-Worn)
★ Karambit | Ultraviolet (Factory New)
StatTrak™ ★ Flip Knife | Damascus Steel (Battle-Scarred)
StatTrak™ ★ Bayonet | Marble Fade (Minimal Wear)
★ Gut Knife | Ultraviolet (Well-Worn)
StatTrak™ ★ Gut Knife | Marble Fade (Minimal Wear)
StatTrak™ ★ Bayonet | Ultraviolet (Field-Tested)
★ Karambit | Rust Coat (Well-Worn)
StatTrak™ ★ M9 Bayonet | Rust Coat (Well-Worn)
StatTrak™ ★ Bayonet | Damascus Steel (Well-Worn)
StatTrak™ ★ Gut Knife | Ultraviolet (Battle-Scarred)
StatTrak™ ★ Flip Knife | Damascus Steel (Minimal Wear)
★ Gut Knife | Ultraviolet (Factory New)
★ Karambit | Damascus Steel (Battle-Scarred)
StatTrak™ ★ Flip Knife | Damascus Steel (Field-Tested)
StatTrak™ ★ Karambit | Tiger Tooth (Minimal Wear)
StatTrak™ ★ Karambit | Damascus Steel (Minimal Wear)
StatTrak™ ★ Flip Knife | Damascus Steel (Factory New)
StatTrak™ ★ Flip Knife | Doppler (Minimal Wear)
StatTrak™ ★ Flip Knife | Ultraviolet (Battle-Scarred)
StatTrak™ ★ Karambit | Damascus Steel (Field-Tested)
StatTrak™ ★ Gut Knife | Ultraviolet (Well-Worn)
★ Flip Knife | Damascus Steel (Well-Worn)
★ Bayonet | Ultraviolet (Factory New)
StatTrak™ ★ Karambit | Ultraviolet (Factory New)
StatTrak™ ★ M9 Bayonet | Damascus Steel (Factory New)
StatTrak™ ★ M9 Bayonet | Damascus Steel (Field-Tested)
StatTrak™ ★ Gut Knife | Ultraviolet (Factory New)
StatTrak™ ★ M9 Bayonet | Ultraviolet (Well-Worn)
StatTrak™ ★ Gut Knife | Damascus Steel (Well-Worn)
StatTrak™ ★ Flip Knife | Ultraviolet (Field-Tested)
StatTrak™ ★ Bayonet | Rust Coat (Well-Worn)
StatTrak™ ★ Bayonet | Ultraviolet (Minimal Wear)
StatTrak™ ★ Gut Knife | Damascus Steel (Minimal Wear)
StatTrak™ ★ Flip Knife | Rust Coat (Well-Worn)
StatTrak™ ★ Karambit | Ultraviolet (Field-Tested)
StatTrak™ ★ M9 Bayonet | Tiger Tooth (Minimal Wear)
StatTrak™ ★ Bayonet | Damascus Steel (Minimal Wear)
