StatTrak™ P250 | Ripple (Field-Tested)
Sawed-Off | Zander (Field-Tested)
StatTrak™ PP-Bizon | Jungle Slipstream (Minimal Wear)
M4A1-S | Decimator (Battle-Scarred)
StatTrak™ PP-Bizon | Jungle Slipstream (Field-Tested)
StatTrak™ P250 | Ripple (Well-Worn)
StatTrak™ MP7 | Akoben (Factory New)
Desert Eagle | Oxide Blaze (Minimal Wear)
SCAR-20 | Blueprint (Factory New)
MAC-10 | Last Dive (Field-Tested)
SCAR-20 | Blueprint (Well-Worn)
Five-SeveN | Capillary (Field-Tested)
Sawed-Off | Zander (Minimal Wear)
SCAR-20 | Blueprint (Field-Tested)
Desert Eagle | Oxide Blaze (Field-Tested)
StatTrak™ PP-Bizon | Jungle Slipstream (Field-Tested)
M249 | Emerald Poison Dart (Field-Tested)
StatTrak™ PP-Bizon | Jungle Slipstream (Battle-Scarred)
Five-SeveN | Capillary (Well-Worn)
StatTrak™ PP-Bizon | Jungle Slipstream (Field-Tested)
Sawed-Off | Zander (Battle-Scarred)
StatTrak™ PP-Bizon | Jungle Slipstream (Minimal Wear)
Sawed-Off | Zander (Battle-Scarred)
SCAR-20 | Blueprint (Battle-Scarred)
StatTrak™ PP-Bizon | Jungle Slipstream (Minimal Wear)
Desert Eagle | Oxide Blaze (Well-Worn)
XM1014 | Seasons (Well-Worn)
Five-SeveN | Capillary (Battle-Scarred)
StatTrak™ MP7 | Akoben (Minimal Wear)
Desert Eagle | Oxide Blaze (Factory New)
StatTrak™ MP7 | Akoben (Minimal Wear)
StatTrak™ MP7 | Akoben (Factory New)
Desert Eagle | Oxide Blaze (Factory New)
MAC-10 | Last Dive (Field-Tested)
Desert Eagle | Oxide Blaze (Factory New)
StatTrak™ PP-Bizon | Jungle Slipstream (Field-Tested)
StatTrak™ MP7 | Akoben (Field-Tested)
StatTrak™ P250 | Ripple (Field-Tested)
SCAR-20 | Blueprint (Battle-Scarred)
Five-SeveN | Capillary (Field-Tested)
StatTrak™ PP-Bizon | Jungle Slipstream (Field-Tested)
M249 | Emerald Poison Dart (Minimal Wear)
StatTrak™ MP7 | Akoben (Well-Worn)
Five-SeveN | Capillary (Battle-Scarred)
Five-SeveN | Capillary (Field-Tested)
SCAR-20 | Blueprint (Battle-Scarred)
StatTrak™ PP-Bizon | Jungle Slipstream (Factory New)
StatTrak™ MP7 | Akoben (Battle-Scarred)
Five-SeveN | Capillary (Field-Tested)
MAC-10 | Last Dive (Battle-Scarred)
Sawed-Off | Zander (Battle-Scarred)
CZ75-Auto | Xiangliu (Minimal Wear)
StatTrak™ PP-Bizon | Jungle Slipstream (Battle-Scarred)
M249 | Emerald Poison Dart (Minimal Wear)
StatTrak™ PP-Bizon | Jungle Slipstream (Field-Tested)
Five-SeveN | Capillary (Factory New)
StatTrak™ MP7 | Akoben (Battle-Scarred)
Five-SeveN | Capillary (Battle-Scarred)
M249 | Emerald Poison Dart (Well-Worn)
StatTrak™ P250 | Ripple (Well-Worn)
Galil AR | Crimson Tsunami (Factory New)
StatTrak™ MP7 | Akoben (Well-Worn)
M249 | Emerald Poison Dart (Factory New)
StatTrak™ MP7 | Akoben (Factory New)
Five-SeveN | Capillary (Battle-Scarred)
StatTrak™ P250 | Ripple (Field-Tested)
StatTrak™ PP-Bizon | Jungle Slipstream (Field-Tested)
Five-SeveN | Capillary (Minimal Wear)
Five-SeveN | Capillary (Minimal Wear)
Sawed-Off | Zander (Field-Tested)
StatTrak™ P250 | Ripple (Battle-Scarred)
SCAR-20 | Blueprint (Well-Worn)
MAC-10 | Last Dive (Field-Tested)
StatTrak™ MP7 | Akoben (Field-Tested)
SCAR-20 | Blueprint (Battle-Scarred)
StatTrak™ MP7 | Akoben (Field-Tested)
Five-SeveN | Capillary (Battle-Scarred)
MAC-10 | Last Dive (Battle-Scarred)
SCAR-20 | Blueprint (Field-Tested)
SCAR-20 | Blueprint (Battle-Scarred)
M4A1-S | Decimator (Battle-Scarred)
Sawed-Off | Zander (Battle-Scarred)
Five-SeveN | Capillary (Minimal Wear)
Five-SeveN | Capillary (Minimal Wear)
UMP-45 | Scaffold (Field-Tested)
Galil AR | Crimson Tsunami (Minimal Wear)
Five-SeveN | Capillary (Battle-Scarred)
SCAR-20 | Blueprint (Battle-Scarred)
Sawed-Off | Zander (Factory New)
MAC-10 | Last Dive (Field-Tested)
Sawed-Off | Zander (Battle-Scarred)
Five-SeveN | Capillary (Field-Tested)
StatTrak™ PP-Bizon | Jungle Slipstream (Battle-Scarred)
SCAR-20 | Blueprint (Factory New)
MAC-10 | Last Dive (Field-Tested)
USP-S | Neo-Noir (Factory New)
Five-SeveN | Capillary (Battle-Scarred)
StatTrak™ MP7 | Akoben (Minimal Wear)
Desert Eagle | Oxide Blaze (Field-Tested)
StatTrak™ PP-Bizon | Jungle Slipstream (Battle-Scarred)
Sawed-Off | Zander (Battle-Scarred)
Sawed-Off | Zander (Factory New)
StatTrak™ MP7 | Akoben (Battle-Scarred)
USP-S | Neo-Noir (Factory New)
StatTrak™ MP7 | Akoben (Field-Tested)
StatTrak™ PP-Bizon | Jungle Slipstream (Minimal Wear)
Five-SeveN | Capillary (Minimal Wear)
M249 | Emerald Poison Dart (Factory New)
MAC-10 | Last Dive (Field-Tested)
Sawed-Off | Zander (Battle-Scarred)
StatTrak™ P250 | Ripple (Factory New)
StatTrak™ MP7 | Akoben (Battle-Scarred)
StatTrak™ PP-Bizon | Jungle Slipstream (Minimal Wear)
XM1014 | Seasons (Well-Worn)
M4A1-S | Decimator (Factory New)
AWP | Fever Dream (Field-Tested)
Sawed-Off | Zander (Battle-Scarred)
StatTrak™ MP7 | Akoben (Field-Tested)
XM1014 | Seasons (Well-Worn)
Desert Eagle | Oxide Blaze (Well-Worn)
Five-SeveN | Capillary (Factory New)
SCAR-20 | Blueprint (Battle-Scarred)
Galil AR | Crimson Tsunami (Field-Tested)
StatTrak™ MP7 | Akoben (Field-Tested)
StatTrak™ PP-Bizon | Jungle Slipstream (Field-Tested)
Five-SeveN | Capillary (Field-Tested)
StatTrak™ P250 | Ripple (Field-Tested)
Galil AR | Crimson Tsunami (Factory New)
StatTrak™ PP-Bizon | Jungle Slipstream (Factory New)
SCAR-20 | Blueprint (Battle-Scarred)
Sawed-Off | Zander (Battle-Scarred)
CZ75-Auto | Xiangliu (Minimal Wear)
Sawed-Off | Zander (Battle-Scarred)
Five-SeveN | Capillary (Field-Tested)
Desert Eagle | Oxide Blaze (Field-Tested)
Five-SeveN | Capillary (Field-Tested)
Desert Eagle | Oxide Blaze (Well-Worn)
Desert Eagle | Oxide Blaze (Battle-Scarred)
SCAR-20 | Blueprint (Well-Worn)
Five-SeveN | Capillary (Field-Tested)
SCAR-20 | Blueprint (Field-Tested)
XM1014 | Seasons (Minimal Wear)
StatTrak™ PP-Bizon | Jungle Slipstream (Minimal Wear)
Sawed-Off | Zander (Battle-Scarred)
StatTrak™ P250 | Ripple (Well-Worn)
StatTrak™ PP-Bizon | Jungle Slipstream (Field-Tested)
SCAR-20 | Blueprint (Well-Worn)
Desert Eagle | Oxide Blaze (Field-Tested)
Five-SeveN | Capillary (Battle-Scarred)
Sawed-Off | Zander (Minimal Wear)
★ Falchion Knife | Ultraviolet (Battle-Scarred)
